{
    "test_loss": 0.01189303919672966,
    "test_mse": 0.01189303919672966,
    "test_rmse": 0.10905521168990348
}