{
    "test_loss": 0.0007190088854522269,
    "test_mse": 0.0007190088854522269,
    "test_rmse": 0.026814341040798054
}