{
    "test_loss": 0.0005381411698181182,
    "test_mse": 0.0005381411698181182,
    "test_rmse": 0.023197869941400186
}